,source,target,weight,intensity,lang_usage
1,2,6,1.0,5.0,7.0
9,3,26,0.2,4.0,6.0
32,10,9,0.6,3.0,6.0
35,10,24,0.8,4.0,6.0
48,14,30,1.0,5.0,7.0
49,14,28,0.4,4.0,5.0
51,14,2,0.2,4.0,6.0
85,25,20,0.6,3.0,7.0
87,25,3,0.4,4.0,7.0
99,28,37,0.6,3.0,5.0
102,28,31,0.8,2.0,5.0
138,36,16,1.0,5.0,5.0
141,37,33,0.6,5.0,5.0
150,38,34,0.2,5.0,5.0
151,39,37,0.6,5.0,6.0
152,39,6,1.0,5.0,5.0
153,39,2,0.4,5.0,5.0
154,39,19,0.8,5.0,6.0
